Website Domain,Ticker,Technology Name,Technology ID,First Seen At,Last Seen At,Behind Firewall,First_Year,First_Month,Last_Year,Last_Month
infosys.com,NYSE:INFY,Provar,cefd2220-2787-5fc7-bdfa-1086c40d61d1,2024-09-05 07:36:40+00:00,2024-09-05 07:36:40+00:00,True,2024,9,2024,9
infosys.com,NYSE:INFY,SAP Business Objects,f9e11089-0fe3-45bd-83f7-084118c3798a,2024-08-23 04:40:49+00:00,2024-08-23 04:40:49+00:00,True,2024,8,2024,8
samsung.com,NASDAQOTH:SSNLF,Dynatrace RUM,d28deb2c-b108-5c32-a6b6-256db6686418,2024-09-02 10:03:29+00:00,2024-09-02 10:03:35+00:00,False,2024,9,2024,9
infosys.com,NYSE:INFY,Prometheus,fa864372-dc1e-4db5-97e2-6b591119d6c4,2024-09-03 19:38:41+00:00,2024-09-03 19:38:41+00:00,True,2024,9,2024,9
infosys.com,NYSE:INFY,Headspin,f3aec17f-8327-4219-88ce-fd9cf8c60285,2024-09-05 10:00:53+00:00,2024-09-05 10:00:53+00:00,True,2024,9,2024,9
wipro.com,NYSE:WIT,Spring Boot,92bed5c9-d378-4390-9a88-7a05731812ed,2024-08-31 14:29:59+00:00,2024-09-05 07:57:41+00:00,True,2024,8,2024,9
infosys.com,NYSE:INFY,Apache Flink,75e7ce81-7d73-5a8a-8e1c-039e3ba0ffec,2024-08-16 19:17:55+00:00,2024-09-01 07:34:01+00:00,True,2024,8,2024,9
wipro.com,NYSE:WIT,Metasploit,053c266d-7852-44a1-a629-a49d434e4526,2024-09-03 06:08:24+00:00,2024-09-03 06:08:24+00:00,True,2024,9,2024,9
baidu.com,NASDAQ:BIDU,Discord,1be80b6f-2555-4674-9d6d-8f34e1f3c730,2024-09-02 13:54:29+00:00,2024-09-03 03:51:37+00:00,True,2024,9,2024,9
infosys.com,NYSE:INFY,Tailwind,bd4f74ff-3e30-5353-aadd-8e719d476830,2024-09-03 19:29:17+00:00,2024-09-03 19:29:17+00:00,True,2024,9,2024,9
rakuten.com,Unknown,X-Content-Type-Options,3ee8a45c-4b45-4c85-9564-fe6981802538,2024-06-24 20:25:27+00:00,2024-08-19 20:47:59+00:00,False,2024,6,2024,8
wipro.com,NYSE:WIT,Robot Framework,a3fe1a18-02d3-4ee0-aeba-9c80c668401a,2024-08-23 03:51:39+00:00,2024-08-23 03:51:39+00:00,True,2024,8,2024,8
alibaba.com,Unknown,Priority Hints,c2cdf986-4b6b-5c8c-a82d-25064f82a4ae,2024-07-30 05:22:15+00:00,2024-08-05 14:00:57+00:00,False,2024,7,2024,8
lg.com,Unknown,Marketo,22773586-a000-5748-aa7b-7bf7ff718c32,2024-07-23 22:04:56+00:00,2024-07-23 22:04:56+00:00,True,2024,7,2024,7
wipro.com,NYSE:WIT,Nice Call Recording,ff73127a-cc2d-4277-9373-4f16d526ab53,2024-08-29 05:34:24+00:00,2024-09-03 18:07:24+00:00,True,2024,8,2024,9
infosys.com,NYSE:INFY,Demandbase,727069c3-9186-5088-a5df-fdc6183cc5ec,2024-08-10 16:45:15+00:00,2024-08-11 20:16:16+00:00,False,2024,8,2024,8
lg.com,Unknown,HCL Commerce,0714bb21-077a-5bce-8c04-097626608922,2024-07-22 21:56:18+00:00,2024-07-24 22:06:00+00:00,True,2024,7,2024,7
wipro.com,NYSE:WIT,Apache NiFi,5f2bebf2-00e3-561a-8fbe-0206e78c1753,2024-09-02 07:49:38+00:00,2024-09-02 07:49:38+00:00,True,2024,9,2024,9
rakuten.com,Unknown,Workday Learning,df7f9fb6-7b42-48d0-b057-4f76bc23ceea,2024-08-29 02:43:01+00:00,2024-08-29 02:43:01+00:00,True,2024,8,2024,8
wipro.com,NYSE:WIT,Azure Defender,00f3b1f8-2b72-40bf-af40-88fc85501215,2024-08-21 22:22:44+00:00,2024-08-21 22:22:44+00:00,True,2024,8,2024,8
samsung.com,NASDAQOTH:SSNLF,Express,f57881be-cd18-51c2-98df-2ed67a53f71c,2024-06-09 03:41:06+00:00,2024-08-09 03:47:05+00:00,False,2024,6,2024,8
wipro.com,NYSE:WIT,Equinix,7dd8ac42-99b3-5bf8-bd33-c69d458ea775,2024-07-28 07:18:18+00:00,2024-07-28 07:18:18+00:00,True,2024,7,2024,7
sony.com,NYSE:SNE,React Native,850ac9a4-1db0-40d5-a6cd-d75cbcb70015,2024-08-27 03:12:25+00:00,2024-08-27 03:12:25+00:00,True,2024,8,2024,8
sony.com,NYSE:SNE,reCAPTCHA,c8d6ddd0-d6ac-5b22-b3ae-43f151366d44,2024-06-09 03:40:41+00:00,2024-08-09 03:46:56+00:00,False,2024,6,2024,8
wipro.com,NYSE:WIT,D3.js,9b74ff79-38e7-5ab7-b183-ada5f90ad920,2024-07-09 07:24:22+00:00,2024-07-09 07:24:22+00:00,True,2024,7,2024,7
grab.com,Unknown,Marketo,22773586-a000-5748-aa7b-7bf7ff718c32,2024-08-08 11:26:42+00:00,2024-08-08 11:26:42+00:00,True,2024,8,2024,8
grab.com,Unknown,DBT,52b115cf-3aeb-51ed-93b7-59789e78b629,2024-09-04 14:53:39+00:00,2024-09-04 14:53:39+00:00,True,2024,9,2024,9
naver.com,Unknown,X-Content-Type-Options,3ee8a45c-4b45-4c85-9564-fe6981802538,2024-08-01 15:37:19+00:00,2024-08-04 22:26:13+00:00,False,2024,8,2024,8
wipro.com,NYSE:WIT,Oracle Service Cloud,9378cc45-2247-5e44-82e6-5f14e51e4c24,2024-07-31 07:15:10+00:00,2024-07-31 07:15:10+00:00,True,2024,7,2024,7
infosys.com,NYSE:INFY,Salsify,071094e8-48e0-5c13-a661-106b3a4bc72c,2024-08-28 19:32:43+00:00,2024-09-05 19:18:00+00:00,True,2024,8,2024,9
lg.com,Unknown,Adobe XD,4f627307-1264-4090-ad0d-cae94459b761,2024-08-23 04:22:49+00:00,2024-08-23 04:22:49+00:00,True,2024,8,2024,8
infosys.com,NYSE:INFY,Azure SQL,28ae2455-2a88-46d0-a7fa-faeddd84e4ae,2024-08-22 17:30:59+00:00,2024-09-05 19:18:08+00:00,True,2024,8,2024,9
tencent.com,NASDAQOTH:TCEHY,X-Content-Type-Options,3ee8a45c-4b45-4c85-9564-fe6981802538,2024-06-19 04:57:36+00:00,2024-08-18 05:26:44+00:00,False,2024,6,2024,8
samsung.com,NASDAQOTH:SSNLF,Google My Business,dcb44442-8278-531c-8f61-856c0a02bf46,2024-07-04 03:53:42+00:00,2024-07-04 03:53:42+00:00,True,2024,7,2024,7
samsung.com,NASDAQOTH:SSNLF,Microsoft Intune,d8cc12c9-ae34-4281-baf2-cf2e60890f9a,2024-06-14 16:57:26+00:00,2024-06-14 16:57:26+00:00,True,2024,6,2024,6
wipro.com,NYSE:WIT,ArubaOS,1b793152-d20b-45a7-af1e-af69326ef0ac,2024-07-05 16:28:05+00:00,2024-07-05 16:28:05+00:00,True,2024,7,2024,7
infosys.com,NYSE:INFY,HTTP/3,80bd7a42-b073-57b4-83d4-75644ee0c6d2,2024-09-02 09:29:30+00:00,2024-09-03 16:47:22+00:00,False,2024,9,2024,9
wipro.com,NYSE:WIT,Puppet,31845330-7730-5aa4-abe2-c1d3436f5688,2024-07-05 16:28:05+00:00,2024-07-05 16:28:05+00:00,True,2024,7,2024,7
infosys.com,NYSE:INFY,Stripe,27f13e2f-f09e-5594-bb47-eecb703ce3f9,2024-09-02 19:20:44+00:00,2024-09-02 19:20:44+00:00,True,2024,9,2024,9
lg.com,Unknown,Criteo,70cb5e24-ad38-5096-880c-02e1c54b7483,2024-06-07 15:51:14+00:00,2024-08-29 09:10:34+00:00,True,2024,6,2024,8
huawei.com,Unknown,Adobe Illustrator,1155d5c6-31ab-4843-adc1-a312ba0301e4,2024-08-27 05:34:51+00:00,2024-08-27 05:34:51+00:00,True,2024,8,2024,8
wipro.com,NYSE:WIT,Windows 7,5ae220cf-4b72-46cc-9d34-296105d6e403,2024-08-26 13:09:18+00:00,2024-08-26 13:09:18+00:00,True,2024,8,2024,8
lg.com,Unknown,SAP Business Objects,f9e11089-0fe3-45bd-83f7-084118c3798a,2024-08-21 13:56:47+00:00,2024-09-04 06:43:41+00:00,True,2024,8,2024,9
rakuten.com,Unknown,MobX,e8064615-3ee7-5110-a7cc-f04b32591a6c,2024-06-23 09:50:03+00:00,2024-07-14 18:02:34+00:00,True,2024,6,2024,7
wipro.com,NYSE:WIT,Wireshark,3f9bb75d-e6f7-43d9-8ae7-b7ed9fbb6b43,2024-09-03 19:41:23+00:00,2024-09-03 19:41:23+00:00,True,2024,9,2024,9
rakuten.com,Unknown,SAP Fiori,71c73d54-cfd1-4538-b1a2-3a496ef842d3,2024-06-16 09:45:52+00:00,2024-06-16 09:45:52+00:00,True,2024,6,2024,6
samsung.com,NASDAQOTH:SSNLF,Salesforce Marketing Cloud Account Engagement,26a1a802-94cf-573a-9fe4-6438dd782daa,2024-09-02 10:12:27+00:00,2024-09-02 10:12:27+00:00,False,2024,9,2024,9
infosys.com,NYSE:INFY,Visual Studio Code,389a1d23-db26-47bb-a2ee-9b65f48dfc13,2024-09-02 19:20:44+00:00,2024-09-02 19:20:44+00:00,True,2024,9,2024,9
grab.com,Unknown,Hootsuite,d5521ba2-b119-52fb-b131-fe0624635617,2024-08-23 12:54:48+00:00,2024-08-23 12:54:48+00:00,True,2024,8,2024,8
huawei.com,Unknown,Boomerang,5f8b9b09-59f9-512f-a000-f40ffa192300,2024-07-28 11:25:07+00:00,2024-08-22 11:58:19+00:00,False,2024,7,2024,8
tcs.com,NSE:TCS,X-Content-Type-Options,3ee8a45c-4b45-4c85-9564-fe6981802538,2024-08-15 19:16:16+00:00,2024-08-31 13:52:26+00:00,False,2024,8,2024,8
infosys.com,NYSE:INFY,SAP S/4HANA Finance,2e9988a6-26e6-4d7b-8bef-bc7946a8f847,2024-08-24 05:54:47+00:00,2024-08-26 20:28:25+00:00,True,2024,8,2024,8
sony.com,NYSE:SNE,SAP GRC,674cd338-1eb5-41a7-b773-de2c276ec0e5,2024-08-26 17:49:34+00:00,2024-08-26 17:49:34+00:00,True,2024,8,2024,8
rakuten.com,Unknown,Qualtrics,f4cb1b99-53c2-5cf4-8801-4608a37727ac,2024-07-06 04:31:29+00:00,2024-07-06 04:31:29+00:00,True,2024,7,2024,7
samsung.com,NASDAQOTH:SSNLF,Dynatrace,50e269c7-fc3e-5f63-b1d5-756726f52bb1,2024-09-02 10:03:29+00:00,2024-09-02 10:03:35+00:00,False,2024,9,2024,9
infosys.com,NYSE:INFY,MuleSoft,01d87d95-049d-49a0-a96c-4a7c9fd3a19e,2024-09-04 19:16:31+00:00,2024-09-04 19:16:31+00:00,True,2024,9,2024,9
infosys.com,NYSE:INFY,IBM i,2f2d05b9-b313-5fbe-a6c6-790905b83432,2024-08-30 08:59:15+00:00,2024-08-30 08:59:15+00:00,True,2024,8,2024,8
wipro.com,NYSE:WIT,Recognize,1cb4bc6e-eeb4-42e2-94f3-da5a48613e49,2024-09-02 10:08:34+00:00,2024-09-02 19:56:57+00:00,True,2024,9,2024,9
rakuten.com,Unknown,RabbitMQ,ee0ddbe3-c017-40f5-a97a-8bc22af0a199,2024-09-06 02:36:39+00:00,2024-09-06 02:36:39+00:00,True,2024,9,2024,9
infosys.com,NYSE:INFY,Contentsquare,2db115c4-bde5-5017-9d87-82b7e06e8c58,2024-08-29 11:32:05+00:00,2024-08-29 21:56:46+00:00,True,2024,8,2024,8
samsung.com,NASDAQOTH:SSNLF,Perforce,95a27c71-948a-4d3e-a0fe-c5c3a3125a03,2024-08-25 02:41:15+00:00,2024-08-25 02:41:15+00:00,True,2024,8,2024,8
samsung.com,NASDAQOTH:SSNLF,Spring Framework,a3ccd262-f686-423c-9dea-9b6336cafd6c,2024-08-25 01:55:15+00:00,2024-08-25 01:55:15+00:00,True,2024,8,2024,8
sony.com,NYSE:SNE,IFTTT,b30cdb78-1d1f-5c00-b251-18cf1e92557f,2024-06-12 02:22:41+00:00,2024-06-12 02:22:41+00:00,True,2024,6,2024,6
baidu.com,NASDAQ:BIDU,VMware ESXi,69c63875-69a1-4444-87a4-0579f4f91938,2024-09-03 03:49:37+00:00,2024-09-03 03:49:37+00:00,True,2024,9,2024,9
grab.com,Unknown,Trello,65288bfe-076c-51fd-9fbd-0d681160039d,2024-06-06 09:04:25+00:00,2024-06-06 09:04:25+00:00,True,2024,6,2024,6
lg.com,Unknown,Choices,4a3ba046-2ecc-5a59-a6cf-d0f25e9138ae,2024-08-04 21:50:31+00:00,2024-08-04 21:50:31+00:00,False,2024,8,2024,8
infosys.com,NYSE:INFY,Veeva Systems CRM,d27f392a-6afa-57e8-b652-972bc9378a9f,2024-06-07 13:22:55+00:00,2024-09-06 07:24:04+00:00,True,2024,6,2024,9
sony.com,NYSE:SNE,Adobe Acrobat DC,c51c03ce-c220-5acd-ace5-41e40b730f38,2024-09-05 16:06:11+00:00,2024-09-05 16:06:11+00:00,True,2024,9,2024,9
lg.com,Unknown,CJ Affiliate,ab00adac-3907-5998-8e58-f4e2d7c1a106,2024-06-07 15:51:14+00:00,2024-08-29 09:10:34+00:00,True,2024,6,2024,8
baidu.com,NASDAQ:BIDU,Amazon Mechanical Turk,bbccf210-ea3d-4369-a9f7-4e7ae8f08c73,2024-09-02 19:45:55+00:00,2024-09-03 02:48:25+00:00,True,2024,9,2024,9
infosys.com,NYSE:INFY,IQVIA,1010f70f-5097-44dd-b2d9-0fc5da07543d,2024-06-07 14:20:21+00:00,2024-08-15 03:53:07+00:00,True,2024,6,2024,8
wipro.com,NYSE:WIT,HTML,02f48508-e6e7-4a38-a79d-f7775b8fe7d7,2024-09-02 09:27:49+00:00,2024-09-06 08:06:58+00:00,True,2024,9,2024,9
rakuten.com,Unknown,LastPass,c16cafb5-9e28-4b44-9274-67fede6e9808,2024-09-02 23:38:21+00:00,2024-09-02 23:38:21+00:00,True,2024,9,2024,9
sony.com,NYSE:SNE,Demandware,0c241fa8-8bab-52a9-b1ea-f3fbcb38b4bb,2024-06-16 02:42:10+00:00,2024-06-16 02:42:10+00:00,True,2024,6,2024,6
sony.com,NYSE:SNE,Microsoft Intune,d8cc12c9-ae34-4281-baf2-cf2e60890f9a,2024-06-14 12:12:50+00:00,2024-08-21 13:41:10+00:00,True,2024,6,2024,8
samsung.com,NASDAQOTH:SSNLF,Okta,341d6870-5d23-5bc8-a03e-b23af31fa159,2024-08-09 23:55:41+00:00,2024-08-09 23:55:41+00:00,True,2024,8,2024,8
samsung.com,NASDAQOTH:SSNLF,LiveOps,065c382c-35a2-5502-b2d0-df68990ad35a,2024-06-07 21:02:51+00:00,2024-06-10 22:49:43+00:00,True,2024,6,2024,6
grab.com,Unknown,X-Content-Type-Options,3ee8a45c-4b45-4c85-9564-fe6981802538,2024-06-16 22:26:18+00:00,2024-08-25 22:57:05+00:00,False,2024,6,2024,8
lg.com,Unknown,Crestron,c60ab264-667a-473e-b25d-4fbb8dce61c5,2024-09-05 18:57:49+00:00,2024-09-05 18:57:49+00:00,True,2024,9,2024,9
wipro.com,NYSE:WIT,Azure DevOps,d95e64d4-a2c5-4f75-a3ec-52b30678273a,2024-08-24 22:37:47+00:00,2024-09-02 15:25:46+00:00,True,2024,8,2024,9
infosys.com,NYSE:INFY,Subversion,cb6be0eb-8384-4299-b3ac-3b59e0513fda,2024-09-03 05:29:50+00:00,2024-09-03 05:29:50+00:00,True,2024,9,2024,9
sony.com,NYSE:SNE,Workspace One,875e41d5-0d63-42ab-966d-78c4d74c2775,2024-06-14 17:21:17+00:00,2024-06-15 01:39:51+00:00,True,2024,6,2024,6
samsung.com,NASDAQOTH:SSNLF,Adobe Acrobat DC,c51c03ce-c220-5acd-ace5-41e40b730f38,2024-07-12 05:41:12+00:00,2024-07-12 05:41:12+00:00,True,2024,7,2024,7
lg.com,Unknown,Forter,da1439e4-da19-5784-97f0-68101fb74d29,2024-09-02 10:01:49+00:00,2024-09-02 10:11:24+00:00,False,2024,9,2024,9
baidu.com,NASDAQ:BIDU,HTML,02f48508-e6e7-4a38-a79d-f7775b8fe7d7,2024-09-02 19:45:55+00:00,2024-09-03 05:20:29+00:00,True,2024,9,2024,9
wipro.com,NYSE:WIT,Qualtrics,f4cb1b99-53c2-5cf4-8801-4608a37727ac,2024-06-10 15:49:52+00:00,2024-06-15 08:32:10+00:00,True,2024,6,2024,6
wipro.com,NYSE:WIT,Spring Framework,a3ccd262-f686-423c-9dea-9b6336cafd6c,2024-08-28 19:39:34+00:00,2024-09-02 03:39:01+00:00,True,2024,8,2024,9
rakuten.com,Unknown,Silver Peak,297698fa-737d-4239-abfc-79b524020a1f,2024-08-27 23:48:55+00:00,2024-08-27 23:48:55+00:00,True,2024,8,2024,8
rakuten.com,Unknown,HTML,02f48508-e6e7-4a38-a79d-f7775b8fe7d7,2024-09-04 22:33:20+00:00,2024-09-05 16:38:18+00:00,True,2024,9,2024,9
grab.com,Unknown,HTML,02f48508-e6e7-4a38-a79d-f7775b8fe7d7,2024-09-03 14:42:17+00:00,2024-09-03 14:42:17+00:00,True,2024,9,2024,9
sony.com,NYSE:SNE,Prisma Access,267bae1b-97ce-4e69-b0f0-0294fc6af673,2024-08-22 07:44:44+00:00,2024-08-22 07:44:44+00:00,True,2024,8,2024,8
infosys.com,NYSE:INFY,EMC VNX,cc6f8909-fd6b-514f-bfd2-ae47479798c2,2024-08-29 09:17:45+00:00,2024-08-29 09:17:45+00:00,True,2024,8,2024,8
bytedance.com,Unknown,CVS,340f9e06-5b0c-582e-be81-e927d55bf463,2024-08-21 07:50:10+00:00,2024-08-21 07:50:10+00:00,True,2024,8,2024,8
zomato.com,Unknown,Microsoft Excel,4a3ef3a2-cd9a-5fff-be2e-1a5d33813831,2024-06-30 23:54:22+00:00,2024-06-30 23:54:22+00:00,True,2024,6,2024,6
lg.com,Unknown,TikTok Pixel,70104de7-ed57-5e7c-9b0e-5d9dc0429d63,2024-09-02 10:01:49+00:00,2024-09-02 10:01:49+00:00,False,2024,9,2024,9
infosys.com,NYSE:INFY,Azure DevOps,d95e64d4-a2c5-4f75-a3ec-52b30678273a,2024-08-21 18:23:26+00:00,2024-09-06 07:23:24+00:00,True,2024,8,2024,9
infosys.com,NYSE:INFY,Windows 10,3453564c-fe8f-4b90-86df-8629d954db28,2024-08-22 21:58:22+00:00,2024-09-02 19:21:18+00:00,True,2024,8,2024,9
rakuten.com,Unknown,kintone,b17ef359-895d-5308-994a-765ea4c56593,2024-07-14 21:58:42+00:00,2024-07-14 21:58:42+00:00,True,2024,7,2024,7
softbank.jp,Unknown,Google Font API,74a45ed1-b8b7-50ba-aa80-646d296b6425,2024-09-02 09:43:57+00:00,2024-09-02 09:49:57+00:00,False,2024,9,2024,9
rakuten.com,Unknown,UiPath,461226aa-3d45-53b1-861e-08e1203ee689,2024-06-18 02:28:29+00:00,2024-06-18 02:28:29+00:00,True,2024,6,2024,6
lg.com,Unknown,Snowflake,54e330db-57b6-5185-88fd-e07e4b3922f7,2024-06-28 18:33:29+00:00,2024-08-29 09:11:56+00:00,True,2024,6,2024,8
infosys.com,NYSE:INFY,Intershop,20179f93-e5f3-5a20-8ce1-9560eb07eaae,2024-07-31 03:57:51+00:00,2024-07-31 03:57:51+00:00,True,2024,7,2024,7
huawei.com,Unknown,Akamai mPulse,e5a2e339-7aa4-5241-a7e2-a94d11568291,2024-07-28 11:25:07+00:00,2024-09-05 13:12:25+00:00,False,2024,7,2024,9
grab.com,Unknown,Facebook Ads,588c9ff6-97cd-5de8-ad0e-82e9fcec8ba8,2024-08-28 13:39:25+00:00,2024-08-28 13:39:25+00:00,True,2024,8,2024,8
lg.com,Unknown,Salesforce Commerce Cloud,250d14ac-0889-57df-ace3-8d624af5b337,2024-07-22 21:56:18+00:00,2024-07-24 22:06:00+00:00,True,2024,7,2024,7
grab.com,Unknown,Adobe Illustrator,1155d5c6-31ab-4843-adc1-a312ba0301e4,2024-08-24 01:35:55+00:00,2024-08-24 01:35:55+00:00,True,2024,8,2024,8
infosys.com,NYSE:INFY,X-Content-Type-Options,3ee8a45c-4b45-4c85-9564-fe6981802538,2024-06-19 03:25:01+00:00,2024-09-03 16:47:22+00:00,False,2024,6,2024,9
samsung.com,NASDAQOTH:SSNLF,Salesforce Marketing Cloud,7d1caa84-9811-5da9-8bd6-457db84ccf2b,2024-08-06 22:14:46+00:00,2024-08-06 22:14:46+00:00,True,2024,8,2024,8
infosys.com,NYSE:INFY,ORM Technologies,1fceba5d-8ea2-5c9d-bb57-d990262c32c0,2024-09-04 07:36:25+00:00,2024-09-04 07:36:25+00:00,True,2024,9,2024,9
wipro.com,NYSE:WIT,Udemy,c0da7d29-3b7d-4f05-be39-094d7ee61174,2024-09-02 20:09:08+00:00,2024-09-04 19:29:27+00:00,True,2024,9,2024,9
wipro.com,NYSE:WIT,Windows 10,3453564c-fe8f-4b90-86df-8629d954db28,2024-08-23 03:40:48+00:00,2024-08-29 09:19:13+00:00,True,2024,8,2024,8
wipro.com,NYSE:WIT,Anomali,0468511a-ff28-5cc5-83c4-e58aedd839d0,2024-09-02 22:22:49+00:00,2024-09-02 22:22:49+00:00,True,2024,9,2024,9
grab.com,Unknown,AWS App Mesh,f1ed228e-9de1-4992-b666-4628a50ce957,2024-09-02 14:34:20+00:00,2024-09-02 14:34:20+00:00,True,2024,9,2024,9
rakuten.com,Unknown,RapidAPI,a7bb24e5-6a85-4e78-9ae9-d2f4570e74c2,2024-09-04 04:49:35+00:00,2024-09-04 04:49:35+00:00,True,2024,9,2024,9
samsung.com,NASDAQOTH:SSNLF,Constant Contact,7057d408-4fac-5e00-9b79-9e589ded3fb5,2024-08-02 22:21:58+00:00,2024-08-02 22:21:58+00:00,True,2024,8,2024,8
zomato.com,Unknown,Pixabay,01096200-6586-5970-97e3-e3e578546c4a,2024-06-28 12:29:03+00:00,2024-06-28 12:29:03+00:00,True,2024,6,2024,6
infosys.com,NYSE:INFY,Microsoft Intune,d8cc12c9-ae34-4281-baf2-cf2e60890f9a,2024-06-14 14:28:40+00:00,2024-09-02 19:21:18+00:00,True,2024,6,2024,9
sony.com,NYSE:SNE,X-Content-Type-Options,3ee8a45c-4b45-4c85-9564-fe6981802538,2024-06-16 10:08:43+00:00,2024-09-02 10:06:31+00:00,False,2024,6,2024,9
infosys.com,NYSE:INFY,Apache Hadoop,ba293c61-ad33-57b9-9671-f3319f57d789,2024-08-30 19:44:03+00:00,2024-08-30 19:44:03+00:00,True,2024,8,2024,8
sony.com,NYSE:SNE,VTEX,7b2bc86f-8ad6-5e9a-8f4b-7a320e6d8e54,2024-06-16 02:42:10+00:00,2024-06-16 02:42:10+00:00,True,2024,6,2024,6
wipro.com,NYSE:WIT,PROS,50d4067a-e70a-5965-ab58-5af40b7f13d1,2024-08-09 21:23:02+00:00,2024-08-09 21:23:02+00:00,True,2024,8,2024,8
samsung.com,NASDAQOTH:SSNLF,Document360,8d9ccae4-ed4b-407e-a38f-8e307a0835ba,2024-09-04 18:49:43+00:00,2024-09-04 18:49:43+00:00,True,2024,9,2024,9
lg.com,Unknown,jQuery CDN,cc920028-800d-5570-94d2-e777e5bf5eb5,2024-09-02 10:10:19+00:00,2024-09-02 10:10:19+00:00,False,2024,9,2024,9
zomato.com,Unknown,Microsoft,81a75b36-c089-5153-89c9-60c79b75e45f,2024-06-30 23:54:22+00:00,2024-06-30 23:54:22+00:00,True,2024,6,2024,6
grab.com,Unknown,Metasploit,053c266d-7852-44a1-a629-a49d434e4526,2024-09-06 08:43:06+00:00,2024-09-06 08:43:06+00:00,True,2024,9,2024,9
bytedance.com,Unknown,X-Content-Type-Options,3ee8a45c-4b45-4c85-9564-fe6981802538,2024-06-13 15:32:09+00:00,2024-08-23 18:05:08+00:00,False,2024,6,2024,8
wipro.com,NYSE:WIT,Cacti,edf414fd-d03c-4b41-a4e3-45868e603afa,2024-09-03 20:17:12+00:00,2024-09-03 20:17:12+00:00,True,2024,9,2024,9
infosys.com,NYSE:INFY,Veeva Vault,6ed8d1a9-7d67-407a-93a9-3aa698a96f9b,2024-06-08 02:19:54+00:00,2024-08-15 03:53:07+00:00,True,2024,6,2024,8
huawei.com,Unknown,PyTorch,a0d6a9e2-4320-4cac-b2cc-932b2bd95a46,2024-09-02 11:48:11+00:00,2024-09-06 08:47:34+00:00,True,2024,9,2024,9
grab.com,Unknown,SoapUI,66239658-17cc-537e-b101-e8ecf4dad1b3,2024-06-13 04:21:16+00:00,2024-06-13 04:21:16+00:00,True,2024,6,2024,6
samsung.com,NASDAQOTH:SSNLF,Prometheus,fa864372-dc1e-4db5-97e2-6b591119d6c4,2024-09-02 22:21:19+00:00,2024-09-05 17:59:25+00:00,True,2024,9,2024,9
rakuten.com,Unknown,Zendesk Support,8366fcf5-e22d-5995-9e87-cfd8f190b630,2024-07-11 21:47:43+00:00,2024-07-11 21:47:43+00:00,True,2024,7,2024,7
huawei.com,Unknown,X-Content-Type-Options,3ee8a45c-4b45-4c85-9564-fe6981802538,2024-06-16 11:06:06+00:00,2024-08-22 11:58:19+00:00,False,2024,6,2024,8
wipro.com,NYSE:WIT,SailPoint,f6c2920d-3759-4784-837b-0b9a89d2d09c,2024-09-02 23:21:20+00:00,2024-09-05 05:59:47+00:00,True,2024,9,2024,9
sony.com,NYSE:SNE,Contentful,6263c919-e26c-5f7b-9d2d-cd8256b5a944,2024-08-16 13:18:38+00:00,2024-08-16 13:18:38+00:00,True,2024,8,2024,8
grab.com,Unknown,Sprinklr,bba44e1b-30b8-5f0f-a387-70d274e17074,2024-08-23 12:54:48+00:00,2024-08-23 12:54:48+00:00,True,2024,8,2024,8
infosys.com,NYSE:INFY,Jasmine,f67ec053-a094-40ee-b3d8-6e064749c053,2024-09-03 06:00:12+00:00,2024-09-04 08:03:40+00:00,True,2024,9,2024,9
rakuten.com,Unknown,SAP S/4HANA Finance,2e9988a6-26e6-4d7b-8bef-bc7946a8f847,2024-08-25 10:56:23+00:00,2024-09-01 11:04:39+00:00,True,2024,8,2024,9
infosys.com,NYSE:INFY,ThousandEyes,ac5191d3-681e-5be6-a571-3350b974fdff,2024-08-01 20:52:25+00:00,2024-08-01 20:52:25+00:00,True,2024,8,2024,8
grab.com,Unknown,Google Ad Manager,4ad1f3ce-f414-4ea6-bef7-b3ccecff0b51,2024-08-28 02:48:26+00:00,2024-08-28 02:48:26+00:00,True,2024,8,2024,8
samsung.com,NASDAQOTH:SSNLF,Hugging Face,20773598-cc41-408a-a1c9-e6fc4a625979,2024-08-27 18:15:36+00:00,2024-08-27 18:15:36+00:00,True,2024,8,2024,8
grab.com,Unknown,Mantine,3d074e5d-0eeb-5dcc-8c99-59155c9ce7da,2024-09-05 08:35:44+00:00,2024-09-05 08:35:44+00:00,False,2024,9,2024,9
sony.com,NYSE:SNE,Palo Alto Networks,04fb9da2-c492-40f6-8c83-7617c1fcf7b6,2024-08-22 07:44:44+00:00,2024-08-22 07:44:44+00:00,True,2024,8,2024,8
grab.com,Unknown,Jupyter,89ed4bab-7a5c-52be-9bb3-64797a3b14c8,2024-06-20 12:15:58+00:00,2024-06-20 12:15:58+00:00,True,2024,6,2024,6
wipro.com,NYSE:WIT,Oracle Financials Cloud,a0e67203-5b34-4e00-aa05-1a90e091cb08,2024-09-04 19:43:33+00:00,2024-09-04 19:43:33+00:00,True,2024,9,2024,9
infosys.com,NYSE:INFY,Wave,f550ebbf-25a7-4ea1-9b46-ea903fe3ed2c,2024-09-04 19:16:43+00:00,2024-09-04 19:16:43+00:00,True,2024,9,2024,9
wipro.com,NYSE:WIT,HYPR,74024b23-3a91-555a-83c6-8e9585e9b10e,2024-08-27 19:54:32+00:00,2024-08-27 19:54:32+00:00,True,2024,8,2024,8
grab.com,Unknown,Lessonly,9f5630ed-94cc-5003-9319-855ca3a3a730,2024-08-16 12:25:33+00:00,2024-09-04 14:54:09+00:00,True,2024,8,2024,9
samsung.com,NASDAQOTH:SSNLF,UPS,6dc5c9bc-d377-570d-9b93-f527a564dc7f,2024-06-06 21:01:31+00:00,2024-08-07 21:56:17+00:00,False,2024,6,2024,8
alibaba.com,Unknown,Akamai,b0526112-ddde-5dbf-b887-9b6f93557007,2024-07-31 10:31:30+00:00,2024-07-31 10:31:30+00:00,False,2024,7,2024,7
infosys.com,NYSE:INFY,React Native,850ac9a4-1db0-40d5-a6cd-d75cbcb70015,2024-08-22 05:21:18+00:00,2024-09-05 07:20:53+00:00,True,2024,8,2024,9
infosys.com,NYSE:INFY,MetricStream,cb5d2a5a-4564-5764-bd34-6193fb6b4cf3,2024-08-20 19:13:31+00:00,2024-08-20 19:13:31+00:00,True,2024,8,2024,8
wipro.com,NYSE:WIT,Azure Container Registry,1cc0bf53-80ae-5d9e-9192-27497cea4d9a,2024-06-28 07:16:10+00:00,2024-08-22 05:26:11+00:00,True,2024,6,2024,8
rakuten.com,Unknown,Hugging Face,20773598-cc41-408a-a1c9-e6fc4a625979,2024-08-21 12:00:56+00:00,2024-08-21 12:00:56+00:00,True,2024,8,2024,8
wipro.com,NYSE:WIT,Prometheus,fa864372-dc1e-4db5-97e2-6b591119d6c4,2024-09-02 11:46:52+00:00,2024-09-02 11:46:52+00:00,True,2024,9,2024,9
grab.com,Unknown,Sensei,bbef8685-f3c1-5de6-9d45-1ab441c25bfd,2024-07-01 05:27:22+00:00,2024-08-05 23:05:45+00:00,True,2024,7,2024,8
lg.com,Unknown,Pinterest,d44e086d-fd29-5844-8c15-e1d1a67a138a,2024-07-03 19:47:59+00:00,2024-07-03 19:47:59+00:00,True,2024,7,2024,7
wipro.com,NYSE:WIT,AWS Glue,7557ca6a-6143-46af-b357-e3963949fa82,2024-08-31 19:47:25+00:00,2024-08-31 19:47:25+00:00,True,2024,8,2024,8
infosys.com,NYSE:INFY,SmartBridge,b0a5a9f4-1b73-5a58-af2a-2f6a2628c23e,2024-08-01 20:52:10+00:00,2024-08-01 20:52:10+00:00,True,2024,8,2024,8
infosys.com,NYSE:INFY,ServiceMax,8e0a8e47-12f8-5c91-9d56-a526fda17f66,2024-08-01 20:51:49+00:00,2024-08-01 20:51:49+00:00,True,2024,8,2024,8
infosys.com,NYSE:INFY,Spring Framework,a3ccd262-f686-423c-9dea-9b6336cafd6c,2024-08-21 18:22:39+00:00,2024-09-05 19:17:52+00:00,True,2024,8,2024,9
lg.com,Unknown,AudioEye,9eaf8b2f-6adb-50b5-a5fd-046e9ef94f5f,2024-08-24 00:09:53+00:00,2024-08-25 13:46:59+00:00,False,2024,8,2024,8
wipro.com,NYSE:WIT,DB2,01aa495d-f8a7-49d3-9a4f-a53980dc310b,2024-09-02 23:21:20+00:00,2024-09-05 09:35:39+00:00,True,2024,9,2024,9
grab.com,Unknown,Emotion,9c43091c-769c-5382-99f6-6478e7226880,2024-09-05 08:35:44+00:00,2024-09-05 08:35:44+00:00,False,2024,9,2024,9
wipro.com,NYSE:WIT,Autodesk AutoCAD Plant 3D,8ba32c5c-384c-5243-a04c-4cf17edc56ed,2024-08-29 09:16:11+00:00,2024-08-29 09:16:11+00:00,True,2024,8,2024,8
infosys.com,NYSE:INFY,Visual Basic .NET,f980a4f9-f005-5bfd-946f-44c045f3c39d,2024-08-22 17:30:52+00:00,2024-08-22 17:30:52+00:00,True,2024,8,2024,8
lg.com,Unknown,Omniture,b0d4bdb3-5d56-53e9-b96d-10a5da6dfaf7,2024-08-31 13:05:29+00:00,2024-08-31 13:05:29+00:00,True,2024,8,2024,8
wipro.com,NYSE:WIT,FactSet,af24a95f-925d-5514-9ccc-13942cbe06cb,2024-07-14 07:41:01+00:00,2024-07-14 07:41:01+00:00,True,2024,7,2024,7
sony.com,NYSE:SNE,SAP NetWeaver,f6e03f83-0af2-4957-948c-e7cd0f99041e,2024-08-24 02:45:00+00:00,2024-08-24 02:45:00+00:00,True,2024,8,2024,8
rakuten.com,Unknown,LaunchDarkly,0f2e7a26-f484-50da-a488-20dc8af3a4fc,2024-08-20 14:07:24+00:00,2024-08-20 14:07:24+00:00,True,2024,8,2024,8
naver.com,Unknown,jQuery,7e62d707-7eaa-5b9e-ad19-fea2707ca537,2024-08-04 18:47:45+00:00,2024-08-06 23:45:09+00:00,False,2024,8,2024,8
samsung.com,NASDAQOTH:SSNLF,HTML,02f48508-e6e7-4a38-a79d-f7775b8fe7d7,2024-09-03 00:21:51+00:00,2024-09-04 18:49:43+00:00,True,2024,9,2024,9
wipro.com,NYSE:WIT,Origami Risk,b03a2a5f-3baf-4384-a5ef-0831d52015b8,2024-09-02 06:00:14+00:00,2024-09-02 06:00:14+00:00,True,2024,9,2024,9
lg.com,Unknown,Shopify,9186acfa-18db-58fc-b089-c7d695e5413f,2024-07-22 21:56:18+00:00,2024-08-29 09:12:41+00:00,True,2024,7,2024,8
grab.com,Unknown,AWS WAF,a51c6cb5-12e5-514c-87af-f5fcccbf2750,2024-06-20 11:19:55+00:00,2024-06-20 11:19:55+00:00,True,2024,6,2024,6
infosys.com,NYSE:INFY,Cloudflare,fb4e21a3-5824-540f-88af-1de0a7a472a6,2024-06-10 15:44:56+00:00,2024-06-10 15:44:56+00:00,False,2024,6,2024,6
sony.com,NYSE:SNE,Solidity,32d8620f-3404-451f-8897-dec054da4d64,2024-07-15 00:33:28+00:00,2024-07-15 00:33:28+00:00,True,2024,7,2024,7
grab.com,Unknown,Salesforce Marketing Cloud Account Engagement,26a1a802-94cf-573a-9fe4-6438dd782daa,2024-09-05 08:35:44+00:00,2024-09-05 08:35:44+00:00,False,2024,9,2024,9
infosys.com,NYSE:INFY,Spring Boot,92bed5c9-d378-4390-9a88-7a05731812ed,2024-08-21 18:22:02+00:00,2024-09-05 19:18:59+00:00,True,2024,8,2024,9
sony.com,NYSE:SNE,AWS Database Migration Service,8f98e534-a027-4588-8bb6-7234497b8e3d,2024-08-27 17:02:15+00:00,2024-08-27 17:02:15+00:00,True,2024,8,2024,8
wipro.com,NYSE:WIT,Marketo Forms,98c13648-cda5-5f84-a822-9b403d7db477,2024-07-04 09:29:44+00:00,2024-08-30 10:45:20+00:00,False,2024,7,2024,8
samsung.com,NASDAQOTH:SSNLF,web-vitals,9ba69c96-34ac-5cd4-a1b8-8e9d7a44f871,2024-06-07 09:37:14+00:00,2024-08-07 09:45:48+00:00,False,2024,6,2024,8
grab.com,Unknown,Google Sheets,2fc3554e-2ba0-4333-a346-b44e9666f7a1,2024-08-21 12:54:18+00:00,2024-09-05 15:06:11+00:00,True,2024,8,2024,9
rakuten.com,Unknown,ABAP,491dcf9a-c5e2-5bf7-9b33-4c8eeea1b3b7,2024-06-16 09:45:52+00:00,2024-06-16 09:45:52+00:00,True,2024,6,2024,6
samsung.com,NASDAQOTH:SSNLF,OWASP,d8055693-9ecd-5efc-8e16-d120c09d776a,2024-08-15 01:06:10+00:00,2024-08-15 01:06:29+00:00,True,2024,8,2024,8
rakuten.com,Unknown,Google Sheets,2fc3554e-2ba0-4333-a346-b44e9666f7a1,2024-08-25 11:03:33+00:00,2024-08-25 11:03:33+00:00,True,2024,8,2024,8
lg.com,Unknown,HubSpot,d5f29228-4009-56ee-ba63-c14d59112b6b,2024-07-23 22:04:56+00:00,2024-07-23 22:04:56+00:00,True,2024,7,2024,7
samsung.com,NASDAQOTH:SSNLF,UserWay,859fd11f-81f5-50b3-842b-5dabf14d1649,2024-09-02 09:31:36+00:00,2024-09-02 09:51:13+00:00,False,2024,9,2024,9
sony.com,NYSE:SNE,Snort,204fbdf9-9256-4e3a-ab8f-66522e806581,2024-09-05 15:21:36+00:00,2024-09-05 15:21:36+00:00,True,2024,9,2024,9
samsung.com,NASDAQOTH:SSNLF,Postman,ee863dbe-0c65-5aa8-96ba-a4d5c25f0d16,2024-06-11 04:28:43+00:00,2024-06-11 04:28:43+00:00,True,2024,6,2024,6
wipro.com,NYSE:WIT,Xero,b56318fa-3545-56e6-ab7c-179b958bc96d,2024-09-03 10:14:58+00:00,2024-09-03 10:14:58+00:00,True,2024,9,2024,9
wipro.com,NYSE:WIT,SAP ERP Central Component (ECC),be61511c-8d7a-4cbd-8d62-5657370c68c5,2024-08-31 20:10:54+00:00,2024-08-31 20:10:54+00:00,True,2024,8,2024,8
samsung.com,NASDAQOTH:SSNLF,Spring Boot,92bed5c9-d378-4390-9a88-7a05731812ed,2024-08-25 01:55:15+00:00,2024-08-25 01:55:15+00:00,True,2024,8,2024,8
wipro.com,NYSE:WIT,Veeva Vault,6ed8d1a9-7d67-407a-93a9-3aa698a96f9b,2024-06-07 12:59:40+00:00,2024-06-08 08:02:49+00:00,True,2024,6,2024,6
bytedance.com,Unknown,PyTorch,a0d6a9e2-4320-4cac-b2cc-932b2bd95a46,2024-09-04 19:27:50+00:00,2024-09-06 07:35:08+00:00,True,2024,9,2024,9
lg.com,Unknown,X-Content-Type-Options,3ee8a45c-4b45-4c85-9564-fe6981802538,2024-06-16 13:16:43+00:00,2024-08-25 13:46:59+00:00,False,2024,6,2024,8
samsung.com,NASDAQOTH:SSNLF,styled-components,4b12cdba-0bae-5756-aec8-b8a9b67d604f,2024-06-07 09:37:14+00:00,2024-09-03 09:37:15+00:00,False,2024,6,2024,9
alibaba.com,Unknown,Akamai Bot Manager,92afdf8b-4fc8-5c62-acfb-2269ba4a68bf,2024-07-31 10:31:30+00:00,2024-07-31 10:31:30+00:00,False,2024,7,2024,7
infosys.com,NYSE:INFY,SAP ERP Central Component (ECC),be61511c-8d7a-4cbd-8d62-5657370c68c5,2024-08-22 17:30:57+00:00,2024-09-06 07:24:08+00:00,True,2024,8,2024,9
infosys.com,NYSE:INFY,Vault Platform,baba7a68-a954-58f5-a103-b8eef1108c54,2024-08-15 03:52:20+00:00,2024-08-15 03:53:07+00:00,True,2024,8,2024,8
samsung.com,NASDAQOTH:SSNLF,Pardot,71744d7a-08f8-51fb-b857-148f3da2d6f6,2024-09-02 10:12:27+00:00,2024-09-02 10:12:27+00:00,False,2024,9,2024,9
infosys.com,NYSE:INFY,Spring Cloud,502af747-bf89-429f-82c8-9bf290fe07f0,2024-08-21 18:22:02+00:00,2024-08-24 04:49:49+00:00,True,2024,8,2024,8
wipro.com,NYSE:WIT,Adobe Premiere Pro,6189d244-ef1d-5c58-9e3e-1fc0aa067c30,2024-08-09 21:32:27+00:00,2024-08-09 21:37:27+00:00,True,2024,8,2024,8
infosys.com,NYSE:INFY,DB2,01aa495d-f8a7-49d3-9a4f-a53980dc310b,2024-09-02 19:21:02+00:00,2024-09-05 19:17:40+00:00,True,2024,9,2024,9
huawei.com,Unknown,HTML,02f48508-e6e7-4a38-a79d-f7775b8fe7d7,2024-09-03 21:18:30+00:00,2024-09-06 03:39:27+00:00,True,2024,9,2024,9
grab.com,Unknown,Tailwind CSS,3cd84a23-9a5f-5dc5-96df-59753aeb162a,2024-09-05 08:34:32+00:00,2024-09-05 08:35:57+00:00,False,2024,9,2024,9
grab.com,Unknown,Solr,9b9635b8-146e-5940-b288-93c575ee5eef,2024-07-05 13:51:14+00:00,2024-08-27 13:39:00+00:00,True,2024,7,2024,8
wipro.com,NYSE:WIT,Microsoft Intune,d8cc12c9-ae34-4281-baf2-cf2e60890f9a,2024-06-14 11:56:19+00:00,2024-09-01 07:45:56+00:00,True,2024,6,2024,9
samsung.com,NASDAQOTH:SSNLF,Amazon S3,48ca0dc2-ce8e-563d-81db-98a986f35dae,2024-06-09 03:41:06+00:00,2024-08-09 03:47:05+00:00,False,2024,6,2024,8
grab.com,Unknown,Microsoft Intune,d8cc12c9-ae34-4281-baf2-cf2e60890f9a,2024-06-14 13:07:47+00:00,2024-06-15 00:37:11+00:00,True,2024,6,2024,6
sony.com,NYSE:SNE,BluePrism,70f2cefd-d0e4-4d61-90c7-eee6401b6105,2024-09-05 18:45:43+00:00,2024-09-05 18:45:43+00:00,True,2024,9,2024,9
wipro.com,NYSE:WIT,Xdomain,f5b7dd11-69e4-5c70-be58-083407950223,2024-09-02 07:49:38+00:00,2024-09-02 07:49:38+00:00,True,2024,9,2024,9
samsung.com,NASDAQOTH:SSNLF,X-Content-Type-Options,3ee8a45c-4b45-4c85-9564-fe6981802538,2024-06-14 06:08:28+00:00,2024-08-23 17:39:34+00:00,False,2024,6,2024,8
infosys.com,NYSE:INFY,Akeneo,4c42cf26-dc2c-57fd-985c-2a1bda18aa50,2024-09-05 19:18:00+00:00,2024-09-05 19:18:00+00:00,True,2024,9,2024,9
grab.com,Unknown,Asana,b7c7a032-e970-59a2-9d7f-004d2b50a4ab,2024-06-06 09:04:25+00:00,2024-06-06 09:04:25+00:00,True,2024,6,2024,6
samsung.com,NASDAQOTH:SSNLF,Document360,40a3c18a-6d39-5919-9457-c6c8ddc31aeb,2024-08-05 22:40:21+00:00,2024-09-04 18:49:43+00:00,True,2024,8,2024,9
infosys.com,NYSE:INFY,Schema,1f789f4d-dcf1-4196-9d96-53756b7154d5,2024-09-04 07:49:15+00:00,2024-09-04 07:49:15+00:00,True,2024,9,2024,9
infosys.com,NYSE:INFY,IBM Case Manager,a6719a9c-5177-50ba-8d01-72e769d1cdf7,2024-09-03 19:15:41+00:00,2024-09-03 19:15:41+00:00,True,2024,9,2024,9
grab.com,Unknown,Next.js,1161d32c-5e93-56f3-aa1f-882d0f3ed550,2024-09-05 08:34:32+00:00,2024-09-05 08:35:57+00:00,False,2024,9,2024,9
lg.com,Unknown,styled-components,4b12cdba-0bae-5756-aec8-b8a9b67d604f,2024-09-02 10:01:49+00:00,2024-09-02 10:11:24+00:00,False,2024,9,2024,9
infosys.com,NYSE:INFY,Katalon,446817f3-ec76-47f4-ae0f-d9784cca67d0,2024-09-04 20:54:15+00:00,2024-09-04 20:54:15+00:00,True,2024,9,2024,9
wipro.com,NYSE:WIT,Blue Yonder Warehouse Management,66f51be6-a210-4030-907c-64f4ad1074a2,2024-08-23 03:17:50+00:00,2024-08-24 22:17:18+00:00,True,2024,8,2024,8
grab.com,Unknown,MyWebsite,52fb5b88-662b-55b2-84f9-4a9de346557e,2024-09-05 08:34:32+00:00,2024-09-05 08:35:57+00:00,False,2024,9,2024,9
sony.com,NYSE:SNE,Salesforce Desk,74c52a60-18f3-5dad-a604-e10f940ae1b1,2024-06-09 03:40:41+00:00,2024-08-09 03:46:56+00:00,False,2024,6,2024,8
samsung.com,NASDAQOTH:SSNLF,LottieFiles,25484253-0d20-5594-ad64-29be4bae3bd5,2024-09-02 09:31:36+00:00,2024-09-02 09:51:13+00:00,False,2024,9,2024,9
infosys.com,NYSE:INFY,Vulcan,594e6d04-ddca-498c-8083-64e83d91c71a,2024-09-04 08:24:50+00:00,2024-09-04 08:24:50+00:00,True,2024,9,2024,9
infosys.com,NYSE:INFY,HTML,02f48508-e6e7-4a38-a79d-f7775b8fe7d7,2024-09-03 05:29:50+00:00,2024-09-06 07:23:43+00:00,True,2024,9,2024,9
rakuten.com,Unknown,PyTorch,a0d6a9e2-4320-4cac-b2cc-932b2bd95a46,2024-09-04 10:15:20+00:00,2024-09-04 10:15:20+00:00,True,2024,9,2024,9
wipro.com,NYSE:WIT,Avaya Aura Messaging,b47f0e8f-e60e-5048-9b38-53d05e2f8b2b,2024-06-10 00:54:04+00:00,2024-06-10 00:54:04+00:00,True,2024,6,2024,6
sony.com,NYSE:SNE,DB2,01aa495d-f8a7-49d3-9a4f-a53980dc310b,2024-09-03 18:20:27+00:00,2024-09-03 18:20:27+00:00,True,2024,9,2024,9
sea.com,NYSE:SE,X-Content-Type-Options,3ee8a45c-4b45-4c85-9564-fe6981802538,2024-07-02 22:56:18+00:00,2024-08-23 23:59:57+00:00,False,2024,7,2024,8
infosys.com,NYSE:INFY,Pega,bcb67747-b459-449a-9248-feeb4455624e,2024-09-03 07:17:22+00:00,2024-09-05 19:57:57+00:00,True,2024,9,2024,9
infosys.com,NYSE:INFY,InRiver,07165e78-c67f-50be-b609-a2ccc654e72f,2024-09-05 19:18:00+00:00,2024-09-05 19:18:00+00:00,True,2024,9,2024,9
wipro.com,NYSE:WIT,Vite,31dfac97-eb23-57c6-8e53-15229b1f5941,2024-08-01 12:52:30+00:00,2024-08-01 12:54:48+00:00,True,2024,8,2024,8
rakuten.com,Unknown,Android Studio,65a1454f-3312-5243-82e5-f6e17877d99f,2024-06-23 09:50:03+00:00,2024-07-14 18:02:34+00:00,True,2024,6,2024,7
samsung.com,NASDAQOTH:SSNLF,PyTorch,a0d6a9e2-4320-4cac-b2cc-932b2bd95a46,2024-09-03 18:41:31+00:00,2024-09-06 04:10:19+00:00,True,2024,9,2024,9
wipro.com,NYSE:WIT,Zilliant,7ff4d6c2-9b24-58da-8df2-a631bcf899f1,2024-08-09 21:05:54+00:00,2024-08-09 21:05:54+00:00,True,2024,8,2024,8
baidu.com,NASDAQ:BIDU,PyTorch,a0d6a9e2-4320-4cac-b2cc-932b2bd95a46,2024-09-02 15:51:24+00:00,2024-09-03 07:37:38+00:00,True,2024,9,2024,9
infosys.com,NYSE:INFY,Azure Arc,c1ac72c5-9c6b-4796-97c4-549da086645a,2024-08-29 09:17:45+00:00,2024-08-29 09:17:45+00:00,True,2024,8,2024,8
rakuten.com,Unknown,Spring Boot,92bed5c9-d378-4390-9a88-7a05731812ed,2024-08-23 16:27:20+00:00,2024-08-29 02:57:13+00:00,True,2024,8,2024,8
sony.com,NYSE:SNE,ONESOURCE,16ff7881-3f7f-5ffc-9431-7bdbcef77c84,2024-06-25 03:42:04+00:00,2024-08-30 15:23:36+00:00,True,2024,6,2024,8
grab.com,Unknown,Qlik Sense,25755347-39be-5c80-b307-d86f7ad02e5c,2024-07-20 12:21:05+00:00,2024-07-20 12:21:05+00:00,True,2024,7,2024,7
wipro.com,NYSE:WIT,Fortinet,fd887381-0f12-4c64-9784-85fd7e1f99c2,2024-09-03 20:17:12+00:00,2024-09-03 20:17:12+00:00,True,2024,9,2024,9
samsung.com,NASDAQOTH:SSNLF,MX,4969df0f-5db2-4a50-bf83-6f6c97f06b6b,2024-09-02 20:51:31+00:00,2024-09-06 04:01:05+00:00,True,2024,9,2024,9
infosys.com,NYSE:INFY,VMWare VeloCloud,73e96f0f-9fd3-4d28-883b-990b48a60361,2024-07-24 14:23:35+00:00,2024-07-24 21:57:03+00:00,True,2024,7,2024,7
rakuten.com,Unknown,Salesforce Billing,ddb50d04-6bfe-4e0d-bc6a-557b02f473dd,2024-08-23 01:46:56+00:00,2024-08-23 01:46:56+00:00,True,2024,8,2024,8
rakuten.com,Unknown,Heroku,77be342b-549d-5e31-9c09-18c52a46b027,2024-06-19 20:53:47+00:00,2024-06-19 20:53:47+00:00,True,2024,6,2024,6
wipro.com,NYSE:WIT,Azure SQL,28ae2455-2a88-46d0-a7fa-faeddd84e4ae,2024-08-26 03:33:18+00:00,2024-08-26 03:33:18+00:00,True,2024,8,2024,8
grab.com,Unknown,B2B2C,bdd36402-d3f2-5694-bae1-3643f226853e,2024-08-10 11:42:49+00:00,2024-08-10 11:42:49+00:00,True,2024,8,2024,8
wipro.com,NYSE:WIT,Autodesk Revit,46ecc9bf-148c-5854-90c8-37f23e37bf38,2024-08-09 21:25:54+00:00,2024-08-09 21:25:54+00:00,True,2024,8,2024,8
grab.com,Unknown,Clickhouse,6ad6adc8-2315-4594-a7c4-b09b071a4057,2024-09-03 02:08:15+00:00,2024-09-03 02:08:15+00:00,True,2024,9,2024,9
samsung.com,NASDAQOTH:SSNLF,Dell,c417838c-909c-52db-a034-dc004bca3022,2024-06-09 22:00:55+00:00,2024-06-09 22:00:55+00:00,True,2024,6,2024,6
infosys.com,NYSE:INFY,Adobe XD,4f627307-1264-4090-ad0d-cae94459b761,2024-08-22 21:54:51+00:00,2024-09-02 19:20:44+00:00,True,2024,8,2024,9
infosys.com,NYSE:INFY,Cloudflare Bot Management,09412f5b-4515-5811-9f62-dd54b0248028,2024-06-10 15:44:56+00:00,2024-06-10 15:44:56+00:00,False,2024,6,2024,6
wipro.com,NYSE:WIT,Pure Storage,06c956d3-1ce8-52c3-8703-58b0f947ad4e,2024-08-09 21:10:27+00:00,2024-08-09 21:31:01+00:00,True,2024,8,2024,8
samsung.com,NASDAQOTH:SSNLF,Pendo,c0016482-69d7-5dcd-bbbe-3e72894bb4df,2024-06-10 19:49:00+00:00,2024-09-04 18:49:43+00:00,True,2024,6,2024,9
rakuten.com,Unknown,SAP Analytics Cloud,54d6c62f-fc2f-4922-b93d-f23b5d7b8f04,2024-06-16 09:45:52+00:00,2024-06-16 09:45:52+00:00,True,2024,6,2024,6
infosys.com,NYSE:INFY,Velocix,e5bb2980-1a22-47ff-9c9d-6974d87d64c2,2024-06-14 14:05:54+00:00,2024-06-14 22:50:09+00:00,True,2024,6,2024,6
grab.com,Unknown,Duda,900bf870-ccaf-5332-979f-1cb0413bb9d2,2024-09-05 08:34:32+00:00,2024-09-05 08:35:57+00:00,False,2024,9,2024,9
samsung.com,NASDAQOTH:SSNLF,OpenTelemetry,35b75c47-cc31-4c66-afb1-cb1b88804da9,2024-08-30 11:14:29+00:00,2024-08-30 11:14:29+00:00,True,2024,8,2024,8
bytedance.com,Unknown,DNN,fced75c1-7380-5ec2-81c1-cfd247fe1345,2024-08-10 07:49:57+00:00,2024-08-16 23:11:40+00:00,True,2024,8,2024,8
rakuten.com,Unknown,SQLite,99357247-a38f-5839-b5d3-ac16cb07eddc,2024-09-04 22:33:20+00:00,2024-09-04 22:33:20+00:00,True,2024,9,2024,9
bytedance.com,Unknown,Akamai,b0526112-ddde-5dbf-b887-9b6f93557007,2024-08-19 07:29:59+00:00,2024-08-19 07:29:59+00:00,True,2024,8,2024,8
samsung.com,NASDAQOTH:SSNLF,Claro,1698ac3e-ce36-50fd-a511-b6a3a52d24ed,2024-08-08 23:36:18+00:00,2024-08-08 23:36:18+00:00,True,2024,8,2024,8
rakuten.com,Unknown,SAP S/4HANA,4f3367de-761f-5332-bcc5-ab2f6fb7595c,2024-06-16 09:45:49+00:00,2024-06-16 09:45:52+00:00,True,2024,6,2024,6
wipro.com,NYSE:WIT,Workspace One,875e41d5-0d63-42ab-966d-78c4d74c2775,2024-06-14 20:34:29+00:00,2024-06-14 20:34:29+00:00,True,2024,6,2024,6
wipro.com,NYSE:WIT,Cisco IronPort,8419e03e-0af7-46fb-8326-601340c13a5d,2024-09-05 05:14:40+00:00,2024-09-05 05:14:40+00:00,True,2024,9,2024,9
grab.com,Unknown,PyTorch,a0d6a9e2-4320-4cac-b2cc-932b2bd95a46,2024-09-02 14:30:15+00:00,2024-09-06 03:26:44+00:00,True,2024,9,2024,9
wipro.com,NYSE:WIT,Palo Alto Networks,04fb9da2-c492-40f6-8c83-7617c1fcf7b6,2024-08-21 22:25:52+00:00,2024-09-04 07:53:25+00:00,True,2024,8,2024,9
rakuten.com,Unknown,Udemy,c0da7d29-3b7d-4f05-be39-094d7ee61174,2024-09-02 11:25:40+00:00,2024-09-02 11:25:40+00:00,True,2024,9,2024,9
infosys.com,NYSE:INFY,Tandem,383e5ca1-fcdb-42fc-bf80-90c7760f9d55,2024-08-29 21:53:34+00:00,2024-09-05 07:35:03+00:00,True,2024,8,2024,9
samsung.com,NASDAQOTH:SSNLF,Facebook Workplace,0c4bcb04-7ca6-5925-8b2d-a57185ae8537,2024-07-15 18:16:10+00:00,2024-07-15 18:16:10+00:00,True,2024,7,2024,7
sony.com,NYSE:SNE,Proper Media,5d1bc4dd-80b7-542a-bb44-2e65f9ae9e92,2024-06-26 03:43:36+00:00,2024-06-26 03:43:36+00:00,True,2024,6,2024,6
wipro.com,NYSE:WIT,PTC Windchill,c9c279f6-b7cc-433b-ba81-8cf54f7368cd,2024-09-04 06:40:44+00:00,2024-09-04 06:40:44+00:00,True,2024,9,2024,9
lg.com,Unknown,OneTrust,c94695dd-a6aa-5302-a7d1-888c86263318,2024-09-02 09:45:16+00:00,2024-09-02 09:45:16+00:00,False,2024,9,2024,9
infosys.com,NYSE:INFY,Cohesity,72425d52-18d3-5848-a17f-827060a77df9,2024-06-15 01:26:04+00:00,2024-06-15 01:26:04+00:00,True,2024,6,2024,6
samsung.com,NASDAQOTH:SSNLF,RabbitMQ,ee0ddbe3-c017-40f5-a97a-8bc22af0a199,2024-09-03 11:13:29+00:00,2024-09-03 11:13:29+00:00,True,2024,9,2024,9
wipro.com,NYSE:WIT,Tandem,383e5ca1-fcdb-42fc-bf80-90c7760f9d55,2024-08-30 19:47:24+00:00,2024-08-30 19:47:24+00:00,True,2024,8,2024,8
sony.com,NYSE:SNE,Magento,08f56d43-366b-5be9-b5eb-ac25dc940274,2024-06-16 02:42:10+00:00,2024-06-16 02:42:10+00:00,True,2024,6,2024,6
grab.com,Unknown,Kyriba,8fdc3c21-f8bc-4c86-9e03-62e57a739779,2024-09-03 01:21:38+00:00,2024-09-06 03:24:38+00:00,True,2024,9,2024,9
grab.com,Unknown,Okta,341d6870-5d23-5bc8-a03e-b23af31fa159,2024-06-20 11:19:55+00:00,2024-06-20 11:19:55+00:00,True,2024,6,2024,6
infosys.com,NYSE:INFY,Amdocs,2aa2b584-dbda-4a6b-9ce3-72023e3cbed7,2024-09-05 19:18:01+00:00,2024-09-05 19:18:01+00:00,True,2024,9,2024,9
alibaba.com,Unknown,X-Content-Type-Options,3ee8a45c-4b45-4c85-9564-fe6981802538,2024-07-01 03:17:49+00:00,2024-08-26 03:30:44+00:00,False,2024,7,2024,8
wipro.com,NYSE:WIT,Azure Active Directory,60e6e73a-87cf-48e5-8d4f-5cedb0992d76,2024-08-23 03:47:31+00:00,2024-08-29 09:16:00+00:00,True,2024,8,2024,8
infosys.com,NYSE:INFY,Tailwind CSS,3cd84a23-9a5f-5dc5-96df-59753aeb162a,2024-09-03 19:29:17+00:00,2024-09-03 19:29:17+00:00,True,2024,9,2024,9
alibaba.com,Unknown,Choices,4a3ba046-2ecc-5a59-a6cf-d0f25e9138ae,2024-07-30 09:46:37+00:00,2024-07-30 09:46:37+00:00,False,2024,7,2024,7
samsung.com,NASDAQOTH:SSNLF,Ruxit,622773c6-e3f0-5c51-acd9-e40dc8edff3f,2024-09-02 10:03:29+00:00,2024-09-02 10:03:35+00:00,False,2024,9,2024,9
wipro.com,NYSE:WIT,Eventgrid,a25fda8f-008c-51a3-8e28-27ff42d8d3f9,2024-08-19 19:17:00+00:00,2024-08-19 19:17:00+00:00,True,2024,8,2024,8
wipro.com,NYSE:WIT,Veeva Systems CRM,d27f392a-6afa-57e8-b652-972bc9378a9f,2024-06-07 22:00:58+00:00,2024-06-08 10:59:57+00:00,True,2024,6,2024,6
sony.com,NYSE:SNE,HTML,02f48508-e6e7-4a38-a79d-f7775b8fe7d7,2024-09-04 03:32:13+00:00,2024-09-04 03:32:13+00:00,True,2024,9,2024,9
sony.com,NYSE:SNE,CoStar,ea508f39-c0bf-4f31-93e0-923f44a7964f,2024-08-29 03:23:12+00:00,2024-08-29 03:23:12+00:00,True,2024,8,2024,8
lg.com,Unknown,SAP SuccessFactors,9bc2cdef-9527-59ed-b5be-31f0d901b22b,2024-06-15 16:49:22+00:00,2024-08-28 05:31:30+00:00,True,2024,6,2024,8
wipro.com,NYSE:WIT,X-Content-Type-Options,3ee8a45c-4b45-4c85-9564-fe6981802538,2024-06-14 13:14:16+00:00,2024-08-23 17:42:05+00:00,False,2024,6,2024,8
wipro.com,NYSE:WIT,Oracle Sales Performance Management,a873a279-a0aa-53bb-9d78-85f34f775f68,2024-06-16 18:54:23+00:00,2024-06-16 18:54:23+00:00,True,2024,6,2024,6
baidu.com,NASDAQ:BIDU,Prometheus,fa864372-dc1e-4db5-97e2-6b591119d6c4,2024-09-02 14:13:00+00:00,2024-09-03 07:38:44+00:00,True,2024,9,2024,9
infosys.com,NYSE:INFY,Windows 11,1842ee84-d289-45a2-96e1-07587304a6e5,2024-08-22 21:58:22+00:00,2024-08-28 23:33:01+00:00,True,2024,8,2024,8
infosys.com,NYSE:INFY,RabbitMQ,ee0ddbe3-c017-40f5-a97a-8bc22af0a199,2024-09-03 11:57:40+00:00,2024-09-03 19:15:39+00:00,True,2024,9,2024,9
wipro.com,NYSE:WIT,SAP S/4HANA Finance,2e9988a6-26e6-4d7b-8bef-bc7946a8f847,2024-08-21 18:24:37+00:00,2024-08-30 20:05:01+00:00,True,2024,8,2024,8
rakuten.com,Unknown,Microsoft Intune,d8cc12c9-ae34-4281-baf2-cf2e60890f9a,2024-06-15 00:25:21+00:00,2024-06-15 02:52:52+00:00,True,2024,6,2024,6
lg.com,Unknown,SuccessFactors,a412e16f-fe00-5d48-b1b4-99b51321b916,2024-06-15 16:49:22+00:00,2024-08-28 05:31:30+00:00,True,2024,6,2024,8
rakuten.com,Unknown,Django,2a7f4d3b-f4e2-507c-9109-9a3f6a3b23a2,2024-08-20 14:07:24+00:00,2024-08-20 14:07:24+00:00,True,2024,8,2024,8
wipro.com,NYSE:WIT,UKG,978e1f7e-c1f5-5dad-91f1-5958ce64ae77,2024-08-05 13:08:40+00:00,2024-08-05 13:08:40+00:00,True,2024,8,2024,8
infosys.com,NYSE:INFY,Mule ESB,3265ec90-9b99-42a0-8afa-b9bc6639d739,2024-09-04 19:16:31+00:00,2024-09-04 19:16:31+00:00,True,2024,9,2024,9
wipro.com,NYSE:WIT,Tealium,6c0fa226-9020-58d9-842b-5bba542c91a9,2024-08-01 12:49:15+00:00,2024-08-05 13:01:27+00:00,True,2024,8,2024,8
infosys.com,NYSE:INFY,Charles Proxy,21d40b42-1cb8-4575-8b8a-bc029ec5a63b,2024-09-04 07:37:08+00:00,2024-09-04 07:37:08+00:00,True,2024,9,2024,9
wipro.com,NYSE:WIT,MX,4969df0f-5db2-4a50-bf83-6f6c97f06b6b,2024-09-04 20:26:32+00:00,2024-09-04 20:26:32+00:00,True,2024,9,2024,9
sony.com,NYSE:SNE,Zapier,8a6d302b-f6e4-585b-9166-80bce7a6b66c,2024-06-12 02:22:41+00:00,2024-06-12 02:22:41+00:00,True,2024,6,2024,6
samsung.com,NASDAQOTH:SSNLF,Google Workspace,c2aa6e64-324f-5859-8929-c2ffda07c3fc,2024-08-09 23:55:41+00:00,2024-08-09 23:55:41+00:00,True,2024,8,2024,8
